{
  "version": 2,
  "robot": {
    "modules": {
      "app": {
          "init": {
            "maxspeed": 0.5,
            "waypoints": [[50.1284438, 14.3752688],
                          [50.1281866, 14.3736720]]
          }
      }
    }
  }
}

