{
  "version": 2,
  "robot": {
    "modules": {
      "app": {
          "init": {
            "maxspeed": 10,
            "waypoints": [[50.1291183, 14.3758959],
                          [50.1291295, 14.376014],
                          [50.1289725, 14.3763062],
                          [50.1290793, 14.3764371],
                          [50.1291262, 14.377045]]
          }
      }
    }
  }
}

