{
  "version": 2,
  "robot": {
    "modules": {
      "app": {
          "init": {
            "waypoints": [[49.948960, 12.698260],
                          [49.949263, 12.697753],
                          [49.949526,	12.697371],
                          [49.948932, 12.698031]]
          }
      }
    }
  }
}

