{
  "version": 2,
  "robot": {
    "modules": {
      "app": {
          "init": {
            "waypoints": [[49.949526, 12.697371],
                          [49.948932, 12.698031]]
          }
      }
    }
  }
}

